transaction_no,project_no,previous_hash,current_hash
T000001,P00001,GENESIS,c2aaa6826c3da27d1b26b76ace7a61ae6d95a89bf65c2f7cd86df03ffedc00f4
T000002,P00001,c2aaa6826c3da27d1b26b76ace7a61ae6d95a89bf65c2f7cd86df03ffedc00f4,248a6b9e6a0ccd19da0ebf9cb4d627464e2966c8c27ac65b7b03e493e09ef68f
T000003,P00001,248a6b9e6a0ccd19da0ebf9cb4d627464e2966c8c27ac65b7b03e493e09ef68f,b89d43f947e482e6b8204a33efc76843c577f1cf9c84d82c6910a559ab96bcb6
T000004,P00001,b89d43f947e482e6b8204a33efc76843c577f1cf9c84d82c6910a559ab96bcb6,c10aafccc25c2a1ab1bcd8265e4d2c692639c0ea3799f03a577b6dd1f9fb083f
T000005,P00004,c10aafccc25c2a1ab1bcd8265e4d2c692639c0ea3799f03a577b6dd1f9fb083f,7bb447dc4fbf0405766c67914e914eb1b1f436428780d2e51a86ae742fcad4d3
T000006,P00005,7bb447dc4fbf0405766c67914e914eb1b1f436428780d2e51a86ae742fcad4d3,0f9fe74d3108ba6e6d8a41b0dfa5fdb515a063055d2550c1f053b082f0407078
T000007,P00006,0f9fe74d3108ba6e6d8a41b0dfa5fdb515a063055d2550c1f053b082f0407078,a8c00fb1636f46e677b60276d9bb3df1ba136d4e46bf257a8b593d8a96b5771d
T000008,P00005,a8c00fb1636f46e677b60276d9bb3df1ba136d4e46bf257a8b593d8a96b5771d,3de53a1d71f5cf5b6436807acf9cdfdd0387b42f64df9a4813e0f8effa4a562d
T000009,P00004,3de53a1d71f5cf5b6436807acf9cdfdd0387b42f64df9a4813e0f8effa4a562d,de6b91efe63298c7614810cf56147888330c6659cc1c6b0b0780d95d1fa16d8d
T000010,P00004,de6b91efe63298c7614810cf56147888330c6659cc1c6b0b0780d95d1fa16d8d,c9e7cc6d49b77a8bec601e991f94cf721fbfeb157b57a88d2b90a28327209157
T000011,P00004,c9e7cc6d49b77a8bec601e991f94cf721fbfeb157b57a88d2b90a28327209157,ff9b1a236c7fc3fb34d1e228083d21f9b8128a473e72ff891bf9a0ac0048bd4b
T000012,P00006,ff9b1a236c7fc3fb34d1e228083d21f9b8128a473e72ff891bf9a0ac0048bd4b,198c2ccdcaf25d6f0bb50a661b7b5fc2880842709581a0c72642d33b26f5257b
T000013,P00006,198c2ccdcaf25d6f0bb50a661b7b5fc2880842709581a0c72642d33b26f5257b,2384517644f18c2168df82d64c98a770e604dfba1b7d061f8876276ec31f1183
T000014,P00005,2384517644f18c2168df82d64c98a770e604dfba1b7d061f8876276ec31f1183,69bc375c4bfa72bd694b73d1e5d458ba4ec39572f7b01913cac4455e77070091
T000015,P00002,69bc375c4bfa72bd694b73d1e5d458ba4ec39572f7b01913cac4455e77070091,05a28099afe60373cc58c1ba754aa6b561c155bd9b95d8735e88ccb3deba0d06
T000016,P00003,05a28099afe60373cc58c1ba754aa6b561c155bd9b95d8735e88ccb3deba0d06,36b62dac39f94911aa0cae953cd60d825cb20531b4673af726748eae9ec8bbca
T000017,P00003,36b62dac39f94911aa0cae953cd60d825cb20531b4673af726748eae9ec8bbca,4f3e64df7ca45ea2b29e17819a598540f878f898e4297121e746c9f86bce77bd
T000018,P00003,4f3e64df7ca45ea2b29e17819a598540f878f898e4297121e746c9f86bce77bd,c0bc4aa8565bfdf62b37c985a7df7e89a948e513bae4af69405e45521352b917
T000019,P00005,c0bc4aa8565bfdf62b37c985a7df7e89a948e513bae4af69405e45521352b917,6fe71d957b1697ba34802a22bf0008d7835cf072f9a02b9750e45a3ee30db73e
T000020,P00003,6fe71d957b1697ba34802a22bf0008d7835cf072f9a02b9750e45a3ee30db73e,3391a86158667667e77eb5a355b47f7f0153f1a826c8c354ecb62b57127be98b
T000021,P00002,3391a86158667667e77eb5a355b47f7f0153f1a826c8c354ecb62b57127be98b,2af9e91be549fa19bd5e9e2dee324fdcddb71b89d475c446704e3b0d01bd89b4
