transaction_no,project_no,from_account_no,to_account_no,amount,timestamp,verification_status
T000001,P00001,A00001,A00002,10000.0,2026-01-15T15:14:08.229262+00:00,done
T000002,P00001,A00001,A00002,10000.0,2026-01-15T15:25:46.401507+00:00,done
T000003,P00001,A00001,A00002,10000.0,2026-01-17T15:49:18.000433+00:00,pending
T000004,P00001,A00001,A00002,98724.0,2026-01-17T15:49:37.174262+00:00,pending
T000005,P00004,A00001,A00004,8742.0,2026-01-17T15:52:30.566554+00:00,pending
T000006,P00005,A00001,A00004,8743.0,2026-01-17T15:52:47.069341+00:00,pending
T000007,P00006,A00001,A00004,77632.0,2026-01-17T15:53:05.093045+00:00,pending
T000008,P00005,A00001,A00004,8743.0,2026-01-17T15:53:24.260328+00:00,done
T000009,P00004,A00001,A00004,8790.0,2026-01-17T15:53:42.509075+00:00,pending
T000010,P00004,A00001,A00004,9843.0,2026-01-17T15:54:07.208743+00:00,pending
T000011,P00004,A00001,A00004,87423.0,2026-01-17T15:54:28.969173+00:00,pending
T000012,P00006,A00001,A00004,8743.0,2026-01-17T15:54:58.298450+00:00,done
T000013,P00006,A00001,A00004,6324.0,2026-01-17T15:55:13.555527+00:00,pending
T000014,P00005,A00001,A00004,6723.0,2026-01-17T15:55:29.838365+00:00,done
T000015,P00002,A00001,A00002,773278.0,2026-01-17T15:56:25.351427+00:00,done
T000016,P00003,A00001,A00002,878742.1,2026-01-17T15:56:42.108546+00:00,pending
T000017,P00003,A00001,A00002,76432.0,2026-01-17T15:56:56.686488+00:00,done
T000018,P00003,A00001,A00002,10000000.0,2026-01-19T03:59:35.681042+00:00,done
T000019,P00005,A00001,A00004,63553.0,2026-01-19T04:01:04.076173+00:00,done
T000020,P00003,A00001,A00002,20000.0,2026-01-19T06:04:45.047865+00:00,done
T000021,P00002,A00001,A00002,1000.0,2026-02-19T09:53:23.122039+00:00,done
